productId,name,cleanName,imageUrl,categoryId,groupId,url,modifiedOn,imageCount,extNumber,extRarity,extCardType,extHP,extStage,extCardText,extAttack1,extAttack2,extWeakness,extRetreatCost,lowPrice,midPrice,highPrice,marketPrice,directLowPrice,subTypeName,extResistance,extAttack3
83655,Articuno ex - 032 (EX Collector's Window Tins),Articuno ex 032 EX Collectors Window Tins,https://tcgplayer-cdn.tcgplayer.com/product/83655_200w.jpg,3,1423,https://cpt.tcgcsv.com/7tH,2024-04-23T20:38:33.107,1,032,Promo,Water,100,Basic,"<strong>Poké-BODY — Synchronized Lift</strong>
<br>
As long as you have Zapdos ex and Moltres ex in play, the Retreat Cost for Articuno ex is 0.","[1] Ice Gift (10)
<br>You may move a Water Energy card attached to Articuno ex to 1 of your Pokémon.","[1WW] Freezing Wing (50)
<br>Flip a coin. If heads, the Defending Pokémon is now Asleep.",M,2,233.07,1095.0,1494.48,191.04,,Holofoil,,
83784,Beldum - 022 (e-League),Beldum 022 e League,https://tcgplayer-cdn.tcgplayer.com/product/83784_200w.jpg,3,1423,https://cpt.tcgcsv.com/JwH,2024-04-23T20:32:05.817,1,022,Promo,Metal,50,Basic,"<strong>Poké-POWER — Magnetic Call</strong>
<br>
Once during your turn <em>(before your attack)</em>, you may flip a coin. If heads, search your deck for a Metal Basic Pokémon and put it onto your Bench. Shuffle your deck afterward. This power can't be used if Beldum is affected by a Special Condition.","[1M] Metal Charge (30)
<br>Put 1 damage counter on Beldum.",,R,2,3.48,7.24,69.9,5.78,,Normal,G,
84145,Celebi - 029 (EX Collector's Carry Tin),Celebi 029 EX Collectors Carry Tin,https://tcgplayer-cdn.tcgplayer.com/product/84145_200w.jpg,3,1423,https://cpt.tcgcsv.com/WGH,2024-04-23T20:37:51.477,1,029,Promo,Grass,50,Basic,,"[1G] Leaf Slice (20x)
<br>Flip 2 coins. This attack does 20 damage times the number of heads.",,R,1,18.98,38.0,300.0,67.86,,Holofoil,,
84163,Championship Arena - 028 (2005 World Championships),Championship Arena 028 2005 World Championships,https://tcgplayer-cdn.tcgplayer.com/product/84163_200w.jpg,3,1423,https://cpt.tcgcsv.com/hHH,2024-04-23T20:37:32.4,1,028,Promo,Stadium,,,"<em>This card stays in play when you play it. Discard this card if another Stadium card comes into play. If another card with the same name is in play, you can't play this card.</em>
<br>
At the end of each player's turn, if that player has 8 or more cards in his or her hand, that player discards a number of cards until that player has 7 cards left in his or her hand.",,,,,,,,,,,,
84293,Chimecho - 024 (e-League),Chimecho 024 e League,https://tcgplayer-cdn.tcgplayer.com/product/84293_200w.jpg,3,1423,https://cpt.tcgcsv.com/TKH,2024-04-23T20:33:09.317,1,024,Promo,Psychic,70,Basic,,"[1] Resonate
<br>Your opponent switches each Defending Pokémon with his or her Benched Pokémon. If your opponent has only 1 Benched Pokémon, you choose the Defending Pokémon to switch.","[2] Healing Sound
<br>Remove 3 damage counters from each of your Active Pokémon. Each Defending Pokémon is now Asleep.",P,1,19.99,79.9,96.94,9.95,,Normal,,
84399,Combusken - 009 (e-League) [Winner],Combusken 009 e League Winner,https://tcgplayer-cdn.tcgplayer.com/product/84399_200w.jpg,3,1423,https://cpt.tcgcsv.com/_MH,2024-04-23T18:16:49.99,1,009,Promo,Fire,70,Stage 1,,[R] Flare (20),"[3] Double Kick (40x) 
<br>Flip 2 coins. This attack does 40 damage times the number of heads.",W,1,79.9,515.0,967.88,107.5,,Normal,,
85523,Flygon - 025 (e-League),Flygon 025 e League,https://tcgplayer-cdn.tcgplayer.com/product/85523_200w.jpg,3,1423,https://cpt.tcgcsv.com/tdJ,2024-04-23T20:33:40.35,1,025,Promo,Colorless,120,Stage 2,,"[2] Sand Pit (20)
<br>The Defending Pokémon can't retreat until the end of your opponent's next turn.","[2GL] Dragonbreath (80)
<br>Flip a coin. If heads, the Defending Pokémon is now Paralyzed. If tails, this attack does nothing.",C,2,51.41,242.0,411.98,39.61,,Normal,LF,
85928,Groudon ex - 002 (Nintendo Power Magazine),Groudon ex 002 Nintendo Power Magazine,https://tcgplayer-cdn.tcgplayer.com/product/85928_200w.jpg,3,1423,https://cpt.tcgcsv.com/BnJ,2024-04-23T13:40:22.467,1,002,Promo,Fighting,120,Basic,"When Pokémon-ex has been Knocked Out, your opponent takes 2 Prize cards.","[FFFF] Major Earthquake (80)
<br>Discard a Fighting Energy attached to Groudon ex. Does 10 damage to your Benched Pokémon. <em>(Don't apply Weakness and Resistance for Benched Pokemon.)</em>",,G,3,24.17,35.33,270.0,31.15,,Normal,,
85928,Groudon ex - 002 (Nintendo Power Magazine),Groudon ex 002 Nintendo Power Magazine,https://tcgplayer-cdn.tcgplayer.com/product/85928_200w.jpg,3,1423,https://cpt.tcgcsv.com/BnJ,2024-04-23T13:40:22.467,1,002,Promo,Fighting,120,Basic,"When Pokémon-ex has been Knocked Out, your opponent takes 2 Prize cards.","[FFFF] Major Earthquake (80)
<br>Discard a Fighting Energy attached to Groudon ex. Does 10 damage to your Benched Pokémon. <em>(Don't apply Weakness and Resistance for Benched Pokemon.)</em>",,G,3,299.99,299.99,299.99,179.99,,Holofoil,,
85931,Groudon ex - 038 (EX Collector's Tins),Groudon ex 038 EX Collectors Tins,https://tcgplayer-cdn.tcgplayer.com/product/85931_200w.jpg,3,1423,https://cpt.tcgcsv.com/FnJ,2024-04-23T20:44:03.16,1,038,Promo,Fighting,100,Basic,"<strong>Poké-BODY — Frenzy</strong>
<br>
As long as your opponent has Kyogre, Kyogre ex, Rayquaza, or Rayquaza ex in play, Groudon ex's attacks do 40 more damage to the Defending Pokémon <em>(before applying Weakness and Resistance)</em>.","[1F] Mix-Up (30)
<br>Flip a coin. If heads, your opponent discards the top card from his or her deck.","[2F] Earthquake (60)
<br>Does 10 damage to each of your Benched Pokémon.  <em>(Don't apply Weakness and Resistance for Benched Pokémon.)</em>",W,2,229.98,404.11,4289.38,214.5,229.99,Holofoil,,
85934,Grovyle - 004 (e-League) [Winner],Grovyle 004 e League Winner,https://tcgplayer-cdn.tcgplayer.com/product/85934_200w.jpg,3,1423,https://cpt.tcgcsv.com/JnJ,2024-04-23T14:32:36.407,1,004,Promo,Grass,70,Stage 1,,"[2] Poison Breath
<br>The Defending Pokémon is now Poisoned.","[2G] Swift (30)
<br>
This attack's damage isn't affected by Weakness, Resistance, Poké-Powers, Poké-Bodies, or any other effects on the Defending Pokémon.",R,1,75.0,456.55,838.1,108.09,,Normal,W,
86326,Jirachi - 021 (Jirachi: Wish Maker DVD Release),Jirachi 021 Jirachi Wish Maker DVD Release,https://tcgplayer-cdn.tcgplayer.com/product/86326_200w.jpg,3,1423,https://cpt.tcgcsv.com/xxJ,2024-04-23T20:31:39.033,1,021,Promo,Psychic,50,Basic,,"[1] The Third Eye
<br>Discard an Energy card attached to Jirachi and draw 3 cards.","[P] Psywave (10x)
<br>Does 10 damage times the amount of Energy attached to the Defending Pokémon.",P,1,25.27,149.49,217.89,48.89,,Normal,,
86555,Kyogre ex - 001 (Nintendo Power Magazine),Kyogre ex 001 Nintendo Power Magazine,https://tcgplayer-cdn.tcgplayer.com/product/86555_200w.jpg,3,1423,https://cpt.tcgcsv.com/7FJ,2024-04-23T13:39:31.78,1,001,Promo,Water,120,Basic,"When Pokémon-ex has been Knocked Out, your opponent takes 2 Prize cards.","[WWWW] Major Flood (60) 
<br>
Discard a Water Energy attached to Kyogre ex. Does 10 damage to each Benched Pokémon <em<(both yours and your opponent's)</em>. <em>(Don't apply Weakness and Resistance for Benched Pokémon.)</em>",,L,3,44.99,110.0,309.8,41.93,,Normal,,
86555,Kyogre ex - 001 (Nintendo Power Magazine),Kyogre ex 001 Nintendo Power Magazine,https://tcgplayer-cdn.tcgplayer.com/product/86555_200w.jpg,3,1423,https://cpt.tcgcsv.com/7FJ,2024-04-23T13:39:31.78,1,001,Promo,Water,120,Basic,"When Pokémon-ex has been Knocked Out, your opponent takes 2 Prize cards.","[WWWW] Major Flood (60) 
<br>
Discard a Water Energy attached to Kyogre ex. Does 10 damage to each Benched Pokémon <em<(both yours and your opponent's)</em>. <em>(Don't apply Weakness and Resistance for Benched Pokémon.)</em>",,L,3,274.99,349.0,399.99,250.0,,Holofoil,,
86558,Kyogre ex - 037 (EX Collector's Tins),Kyogre ex 037 EX Collectors Tins,https://tcgplayer-cdn.tcgplayer.com/product/86558_200w.jpg,3,1423,https://cpt.tcgcsv.com/bFJ,2025-11-21T14:57:22.23,1,037,Promo,Water,100,Basic,"<strong>Poké-BODY — Frenzy</strong>
<br>
As long as your opponent has Groudon, Groudon ex, Rayquaza, or Rayquaza ex in play, Kyogre ex's attacks do 40 more damage to the Defending Pokémon <em>(before applying Weakness and Resistance)</em>.","[1W] Aqua Supply (30)
<br>You may attach a basic Energy card from your hand to 1 of your Pokémon.","[2W] Tsunami (40)
<br>Does 10 damage to each of your opponent's Benched Pokémon. <em>(Don't apply Weakness and Resistance for Benched Pokémon.)</em>",L,2,115.0,160.43,949.13,146.29,160.43,Holofoil,,
86649,Latias - 014 (Pokemon Heroes: Latios & Latias DVD Release),Latias 014 Pokemon Heroes Latios and Latias DVD Release,https://tcgplayer-cdn.tcgplayer.com/product/86649_200w.jpg,3,1423,https://cpt.tcgcsv.com/_GJ,2024-08-28T16:26:10.73,1,014,Promo,Colorless,70,Basic,,[P] Super Psy (10),"[RW] Searing Flame (20)
<br>Flip a coin. If heads, the Defending Pokémon is now Burned.",P,2,21.54,26.89,216.6,27.3,,Normal,None,
86663,Latios - 015 (Pokemon Heroes: Latios & Latias DVD Release),Latios 015 Pokemon Heroes Latios and Latias DVD Release,https://tcgplayer-cdn.tcgplayer.com/product/86663_200w.jpg,3,1423,https://cpt.tcgcsv.com/hHJ,2024-04-23T18:19:54.973,1,015,Promo,Colorless,80,Basic,,[P] Super Psy (10),"[WPL] Freeze Dry (30)
<br>Flip a coin. If heads, the Defending Pokémon is now Paralyzed.",P,3,19.0,25.63,152.88,27.39,,Normal,,
86896,Ludicolo - 020 (EX Series Value Pack),Ludicolo 020 EX Series Value Pack,https://tcgplayer-cdn.tcgplayer.com/product/86896_200w.jpg,3,1423,https://cpt.tcgcsv.com/XMJ,2024-04-23T20:29:49.73,1,020,Promo,Water,90,Stage 2,"<strong>Poké-BODY — Rain Dish</strong>
<br>
At any time between turns, remove 1 damage counter from Ludicolo","[2W] Fury Swipes (30x)
<br>Flip 3 coins. This attack does 30 damage times the number of heads.",,L,2,12.8,19.39,143.2,18.63,,Holofoil,,
87231,Marshtomp - 011 (e-League) [Winner],Marshtomp 011 e League Winner,https://tcgplayer-cdn.tcgplayer.com/product/87231_200w.jpg,3,1423,https://cpt.tcgcsv.com/FVJ,2024-04-23T18:18:21.167,1,011,Promo,Water,70,Stage 1,,"[W] Bubble (10)
<br>Flip a coin. If heads, the Defending Pokémon is now Paralyzed.",[3] Slash (40),L,1,849.5,849.5,849.5,85.14,,Normal,,
87310,Meowth - 013 (EX Series Collector's Tin),Meowth 013 EX Series Collectors Tin,https://tcgplayer-cdn.tcgplayer.com/product/87310_200w.jpg,3,1423,https://cpt.tcgcsv.com/dXJ,2025-10-27T22:30:46.95,1,013,Promo,Colorless,50,Basic,,"[1] Plunder (10)
<br>Before doing damage, discard all Trainer cards attached to the Defending Pokémon (before they affect the damage).",[2] Scratch (20),F,1,34.49,59.77,496.68,43.38,120.33,Holofoil,,
87374,Metang - 023 (Stadium Challenge 2004),Metang 023 Stadium Challenge 2004,https://tcgplayer-cdn.tcgplayer.com/product/87374_200w.jpg,3,1423,https://cpt.tcgcsv.com/vZJ,2024-04-23T20:32:53.253,1,023,Promo,Metal,80,Stage 1,,"[1] Metal Load
<br>Search your discard pile for a Metal Energy card and attach it to Metang.",[1M] Metal Claw (30),R,2,,,,,,,G,
87402,Mew - 040 (Trainer's Challenge Set),Mew 040 Trainers Challenge Set,https://tcgplayer-cdn.tcgplayer.com/product/87402_200w.jpg,3,1423,https://cpt.tcgcsv.com/3-J,2024-04-23T20:44:36.763,1,040,Promo,Psychic,50,Basic,,"[1] Psywave (10x)
<br>Does 10 damage times the amount of Energy attached to the Defending Pokémon.","[P] Devolution Beam
<br>Flip a coin. If heads, choose 1 of either player's Evolved Pokémon, remove the highest Stage Evolution card from that Pokémon, and put it into that player's hand.",P,1,175.0,499.91,864.98,113.04,299.95,Holofoil,,
87567,Moltres ex - 031 (EX Collector's Window Tins),Moltres ex 031 EX Collectors Window Tins,https://tcgplayer-cdn.tcgplayer.com/product/87567_200w.jpg,3,1423,https://cpt.tcgcsv.com/m2K,2024-04-23T20:38:06.397,1,031,Promo,Fire,100,Basic,"<strong>Poké-BODY — Synchronized Lift</strong>
<br>
As long as you have Articuno ex and Zapdos ex in play, the Retreat Cost for Moltres ex is 0.
<br>
<em>When Pokémon-ex has been Knocked Out, your opponent takes 2 Prize cards.</em>","[1] Flame Gift (10)
<br>You may move a Fire Energy card attached to Moltres ex to 1 of your Pokemon.","[1RR] Scorching Wing (90)
<br>Discard all Fire Energy attached to Moltres ex.",W,2,150.67,625.0,9999.0,116.0,,Holofoil,,
87604,Mudkip - 010 (e-League),Mudkip 010 e League,https://tcgplayer-cdn.tcgplayer.com/product/87604_200w.jpg,3,1423,https://cpt.tcgcsv.com/63K,2024-04-23T18:17:50.803,1,010,Promo,Water,50,Basic,,[1] Pound (10),"[2] Fury Swipes (10x)
<br>Flip 3 coins. This attack does 10 damage times the number of heads.",L,1,225.99,249.99,400.0,99.89,,Reverse Holofoil,,
87608,Mudkip - 005 (POP Tournament),Mudkip 005 POP Tournament,https://tcgplayer-cdn.tcgplayer.com/product/87608_200w.jpg,3,1423,https://cpt.tcgcsv.com/b3K,2024-04-23T18:13:22.787,1,005,Promo,Water,50,Basic,,[1] Pound (10),"[2] Fury Swipes (10x) 
<br>Flip 3 coins. This attack does 10 damage times the number of heads.",L,1,,,,,,,,
87609,Mudkip - 018 (EX Deck Tin),Mudkip 018 EX Deck Tin,https://tcgplayer-cdn.tcgplayer.com/product/87609_200w.jpg,3,1423,https://cpt.tcgcsv.com/c3K,2024-04-23T19:02:08.763,1,018,Promo,Water,50,Basic,,[W] Surf (10),"[1W] Whirlpool (10)
<br>Flip a coin. If heads, discard an Energy card attached to the Defending Pokémon.",L,1,18.98,89.99,249.67,22.15,,Holofoil,,
88067,Pikachu - 012 (EX Series Collector's Tin),Pikachu 012 EX Series Collectors Tin,https://tcgplayer-cdn.tcgplayer.com/product/88067_200w.jpg,3,1423,https://cpt.tcgcsv.com/mfK,2025-11-21T03:46:49.717,1,012,Promo,Lightning,50,Basic,,"[1] Agility
<br>Flip a coin. If heads, prevent all effects of an attack, including damage, done to Pikachu during your opponent's next turn.","[1L] Thundershock (20)
<br>Flip a coin. If heads, the Defending Pokémon is now Paralyzed.",F,1,134.0,275.0,1995.15,140.45,229.99,Holofoil,,
88109,Pikachu (Delta Species) - 035 (Value Pack),Pikachu Delta Species 035 Value Pack,https://tcgplayer-cdn.tcgplayer.com/product/88109_200w.jpg,3,1423,https://cpt.tcgcsv.com/cgK,2026-08-21T13:51:33.157,1,035,Promo,Metal,40,Basic,,"[1] Thunder Wave
<br>Flip a coin. If heads, the Defending Pokémon is now Paralyzed.","[1M] Iron Tail (20x)
<br>Flip a coin until you get tails. This attack does 20 damage times the number of heads.",F,1,500.0,1450.0,9999.0,200.4,,Holofoil,,
88644,Rayquaza ex - 039 (EX Collector's Tin),Rayquaza ex 039 EX Collectors Tin,https://tcgplayer-cdn.tcgplayer.com/product/88644_200w.jpg,3,1423,https://cpt.tcgcsv.com/VsK,2024-04-23T20:44:19.68,1,039,Promo,Colorless,100,Basic,"<strong>Poké-BODY — Frenzy</strong>
<br>
As long as your opponent has Kyogre, Kyogre ex, Groudon, or Groudon ex in play, Rayquaza ex's attacks do 40 more damage to the Defending Pokémon <em>(before applying Weakness and Resistance.)</em>.
<br><br>
<em>When Pokémon-ex has been Knocked Out, your opponent takes 2 prize cards.</em>","[2] Dragon Bind (20)
<br>Flip a coin. If heads, the Defending Pokémon is now Paralyzed.","[1RL] Twister (50)
<br>Flip 2 coins. If both are tails, this attack does nothing. For each heads, discard an Energy attached to the Defending Pokémon.",C,1,379.99,497.5,3348.65,517.27,2999.99,Holofoil,WF,
89603,Suicune - 030 (EX Collector's Carry Tin),Suicune 030 EX Collectors Carry Tin,https://tcgplayer-cdn.tcgplayer.com/product/89603_200w.jpg,3,1423,https://cpt.tcgcsv.com/5SK,2025-11-21T14:50:14.967,1,030,Promo,Water,70,Basic,"<strong>Poké-BODY — Pure Body</strong>
<br>
Whenever you attach a Water Energy card from your hand to Suicune, discard an Energy card attached to Suicune. (You can't attach a Water Energy card from your hand if Suicune has no Energy cards attached.)","[2W] Hypno Wave (30+)
<br>Flip a coin. If heads, this attack does 30 damage plus 20 more damage. If tails, the Defending Pokémon is now Asleep.",,L,1,22.0,44.7,258.76,37.87,258.76,Holofoil,,
89948,Torchic - 008 (e-League),Torchic 008 e League,https://tcgplayer-cdn.tcgplayer.com/product/89948_200w.jpg,3,1423,https://cpt.tcgcsv.com/--K,2024-04-23T18:16:32.56,1,008,Promo,Fire,40,Basic,,[1] Peck (10),"[1R] Fireworks (30) 
<br>Flip a coin. If tails, discard a Fire Energy card attached to Torchic.",W,1,99.0,242.88,327.39,46.94,327.39,Reverse Holofoil,,
89952,Torchic - 006 (POP Tournament),Torchic 006 POP Tournament,https://tcgplayer-cdn.tcgplayer.com/product/89952_200w.jpg,3,1423,https://cpt.tcgcsv.com/3_K,2024-04-23T18:15:46.377,1,006,Promo,Fire,40,Basic,,[1] Peck (10),"[1R] Fireworks (30) 
<br>Flip a coin. If tails, discard a Fire Energy card attached to Torchic.",W,1,,,,,,,,
89953,Torchic - 017 (EX Deck Tin),Torchic 017 EX Deck Tin,https://tcgplayer-cdn.tcgplayer.com/product/89953_200w.jpg,3,1423,https://cpt.tcgcsv.com/5_K,2026-03-10T16:25:31.157,1,017,Promo,Fire,50,Basic,,"[1R] Ember (30)
<br>Discard a Fire Energy card attached to Torchic.",,W,1,16.32,38.99,174.48,19.37,174.48,Holofoil,,
90031,Treecko - 003 (e-League),Treecko 003 e League,https://tcgplayer-cdn.tcgplayer.com/product/90031_200w.jpg,3,1423,https://cpt.tcgcsv.com/F0L,2025-11-25T16:50:56.497,1,003,Promo,Grass,40,Basic,,[1] Tail Slap (10),[1G] Razor Leaf (20),R,1,50.01,81.32,499.9,72.05,71.99,Reverse Holofoil,W,
90035,Treecko - 016 (EX Deck Tin),Treecko 016 EX Deck Tin,https://tcgplayer-cdn.tcgplayer.com/product/90035_200w.jpg,3,1423,https://cpt.tcgcsv.com/K0L,2024-04-23T18:20:07.173,1,016,Promo,Grass,40,Basic,,[1] Pound (10),"[G] Sporadic Sponging (10)
<br>Flip a coin. If heads, remove 1 damage counter from Treecko.",R,1,20.67,43.87,1055.94,29.98,,Holofoil,W,
90036,Treecko - 007 (POP Tournament),Treecko 007 POP Tournament,https://tcgplayer-cdn.tcgplayer.com/product/90036_200w.jpg,3,1423,https://cpt.tcgcsv.com/L0L,2024-04-23T18:16:05.433,1,007,Promo,Grass,40,Basic,,[1] Tail Slap (10),[1G] Razor Leaf (20),R,1,,,,,,,W,
90050,Tropical Tidal Wave - 027 (2005 World Championships) [Participation],Tropical Tidal Wave 027 2005 World Championships Participation,https://tcgplayer-cdn.tcgplayer.com/product/90050_200w.jpg,3,1423,https://cpt.tcgcsv.com/02L,2024-04-23T20:34:36.51,1,027,Promo,Item,,,"Flip a coin. If heads, discard all Trainer cards your opponent has in play. If tails, discard all Trainer cards (excluding Supporter cards) you have in play.",,,,,,,,,,,,
90051,Tropical Tidal Wave - 036 (2006 World Championships) [Participation],Tropical Tidal Wave 036 2006 World Championships Participation,https://tcgplayer-cdn.tcgplayer.com/product/90051_200w.jpg,3,1423,https://cpt.tcgcsv.com/22L,2024-04-23T20:40:53.653,1,036,Promo,Item,,,"Flip a coin. If heads, discard all Trainer cards your opponent has in play. If tails, discard all Trainer cards (excluding Supporter cards) you have in play.",,,,,,,,,,,,
90053,Tropical Wind - 026 (2004 World Championships) [Participation],Tropical Wind 026 2004 World Championships Participation,https://tcgplayer-cdn.tcgplayer.com/product/90053_200w.jpg,3,1423,https://cpt.tcgcsv.com/52L,2024-04-23T20:34:08.377,1,026,Promo,Item,,,"Flip a coin. If heads, remove 2 damage counters from each Active Pokémon (remove 1 damage counter if a Pokémon has only 1). If tails, each Active Pokémon is now Asleep.",,,,,299.99,914.95,1899.5,210.75,,Normal,,
90104,Typhlosion - 034 (Epic Collection Value Boxes),Typhlosion 034 Epic Collection Value Boxes,https://tcgplayer-cdn.tcgplayer.com/product/90104_200w.jpg,3,1423,https://cpt.tcgcsv.com/63L,2024-04-23T20:39:27.783,1,034,Promo,Fire,110,Stage 2,"<strong>Poké-BODY — Burning Aura</strong>
<br>
As long as Typhlosion is your Active Pokémon, put 1 damage counter on each Active Pokémon <em>(both yours and your opponent's)</em> between turns.","[R] Flickering Flames (20)
<br>The Defending Pokémon is now Asleep.","[2R] Rage (50+)
<br>Does 50 damage plus 10 more damage for each damage counter on Typhlosion.",W,1,44.99,142.5,545.89,45.84,,Holofoil,,
90579,Whismur - 019 (EX Deck Tin),Whismur 019 EX Deck Tin,https://tcgplayer-cdn.tcgplayer.com/product/90579_200w.jpg,3,1423,https://cpt.tcgcsv.com/CfL,2025-11-21T03:59:03.253,1,019,Promo,Colorless,50,Basic,,"[1] Supersonic
<br>Flip a coin. If heads, the Defending Pokémon is now Confused.",[1] Pound (10),F,1,8.99,16.0,219.9,10.09,,Holofoil,,
90724,Zapdos ex - 033 (EX Collector's Window Tins),Zapdos ex 033 EX Collectors Window Tins,https://tcgplayer-cdn.tcgplayer.com/product/90724_200w.jpg,3,1423,https://cpt.tcgcsv.com/vjL,2024-04-23T20:38:55.713,1,033,Promo,Lightning,100,Basic,"<strong>Poké-BODY — Synchronized Lift</strong>
<br>
As long as you have Articuno ex and Moltres ex in play, the Retreat Cost for Zapdos ex is 0.","[1] Thunder Gift (10)
<br>You may move a Lightning Energy card attached to Zapdos ex to 1 of your Pokémon.","[1LL] Lightning Wing (60)
<br>Does 10 damage to 1 of your Benched Pokémon. <em>(Don't apply Weakness and Resistance for Benched Pokémon.)</em>",L,2,225.0,987.4,1499.99,134.99,,Holofoil,,
118882,Ivysaur - 35/100 (Prerelease),Ivysaur 35 100 Prerelease,https://tcgplayer-cdn.tcgplayer.com/product/118882_200w.jpg,3,1423,https://cpt.tcgcsv.com/GzZ,2026-08-21T13:38:33.137,1,35/100,Promo,Grass,70,Stage 1,,"[2] Stretch Vine
<br>Choose 1 of your opponent's Benched Pokémon. This attack does 30 damage to that Pokémon. <em>(Don't apply Weakness and Resistance for Benched Pokémon.)</em>","[2G] Sharp Leaf (40+)
<br>Flip a coin. If heads, this attack does 40 damage plus 20 more damage.",R,1,,,,,,,,
145343,Whismur - 019 (Target Promo),Whismur 019 Target Promo,https://tcgplayer-cdn.tcgplayer.com/product/145343_200w.jpg,3,1423,https://cpt.tcgcsv.com/T8b2,2024-04-23T20:09:28.937,1,019,Promo,Colorless,50,Basic,,"[1] Supersonic
<br>Flip a coin. If heads, the Defending Pokémon is now Confused.",[1] Pound (10),F,1,,,,,,,,
153078,Manectric - 38/107 (Prerelease),Manectric 38 107 Prerelease,https://tcgplayer-cdn.tcgplayer.com/product/153078_200w.jpg,3,1423,https://cpt.tcgcsv.com/Bff2,2024-04-23T14:22:15.81,1,38/107,Promo,Lightning,70,Stage 1,,"[L] Thunder Spear
<br>Choose 1 of your opponent's Pokémon. This attack does 20 damage to that Pokémon. <em>(Don't apply Weakness and Resistance for Benched Pokémon.)</em>","[3] Magnetic Tackle (40+)
<br>You may do 40 damage plus 10 more damage for each Lightning Energy attached to Manectric. If you do, Manectric does 10 damage to itself.",F,1,64.0,249.99,762.3,99.99,,Normal,M,
153316,Treecko - 016 (Target Promo),Treecko 016 Target Promo,https://tcgplayer-cdn.tcgplayer.com/product/153316_200w.jpg,3,1423,https://cpt.tcgcsv.com/llf2,2024-04-23T18:35:48.213,1,016,Promo,Grass,40,Basic,,[1] Pound (10),"[G] Sporadic Sponging (10)
<br>Flip a coin. If heads, remove 1 damage counter from Treecko.",R,1,6.49,77.0,96.99,10.49,,Normal,W,
153317,Torchic - 017 (Target Promo),Torchic 017 Target Promo,https://tcgplayer-cdn.tcgplayer.com/product/153317_200w.jpg,3,1423,https://cpt.tcgcsv.com/mlf2,2024-04-23T18:36:18.723,1,017,Promo,Fire,50,Basic,,"[1R] Ember (30)
<br>Discard a Fire Energy card attached to Torchic.",,W,1,14.0,15.0,35.99,27.85,,Normal,,
153319,Mudkip - 018 (Target Promo),Mudkip 018 Target Promo,https://tcgplayer-cdn.tcgplayer.com/product/153319_200w.jpg,3,1423,https://cpt.tcgcsv.com/plf2,2024-04-23T19:02:33.297,1,018,Promo,Water,50,Basic,,[W] Surf (10),"[1W] Whirlpool (10)
<br>Flip a coin. If heads, discard an Energy card attached to the Defending Pokémon.",L,1,699.99,749.99,799.99,45.13,,Normal,,
164213,Milotic - 70/147 (Prerelease),Milotic 70 147 Prerelease,https://tcgplayer-cdn.tcgplayer.com/product/164213_200w.jpg,3,1423,https://cpt.tcgcsv.com/hJk2,2026-02-17T15:04:30.79,1,70/147,Promo,Water,90,Stage 1,,"[1W] Cleansing Ring (20)
<br>You may discard 2 cards from your hand. If you do, remove 4 damage counters from 1 of your Pokémon.","[2W] Scale Blow (90-)
<br>Does 90 damage minus 10 damage for each card in your hand.",L+20,1,45.0,87.0,519.5,58.55,,Normal,,
164214,Milotic - 70/147 (Prerelease) [Staff],Milotic 70 147 Prerelease Staff,https://tcgplayer-cdn.tcgplayer.com/product/164214_200w.jpg,3,1423,https://cpt.tcgcsv.com/jJk2,2024-04-22T20:34:28.37,1,70/147,Promo,Water,90,Stage 1,,"[1W] Cleansing Ring (20)
<br>You may discard 2 cards from your hand. If you do, remove 4 damage counters from 1 of your Pokémon.","[2W] Scale Blow (90-)
<br>Does 90 damage minus 10 damage for each card in your hand.",L+20,1,1729.7,1729.7,1729.7,293.02,,Normal,,
186572,Tentacruel - 45/92 (Prerelease),Tentacruel 45 92 Prerelease,https://tcgplayer-cdn.tcgplayer.com/product/186572_200w.jpg,3,1423,https://cpt.tcgcsv.com/sFv2,2022-09-09T16:52:35.79,1,45/92,Promo,Water,70,Stage 1,"<strong>Poké-BODY — Reactive Shield</strong>
<br>
As long as Tentacruel has any React Energy cards attached to it, prevent all effects, including damage done to any of your Tentacruel in play by attacks from your opponent's Pokémon-ex.","[W] Water Arrow
<br>Choose 1 of your opponent's Pokémon. This attack does 20 damage to that Pokémon. <em>(Don't apply Weakness and Resistance for Benched Pokémon.)</em>","[2] Fury Strikes (20x)
<br>Flip 3 coins. This attack does 20 damage times the number of heads.",L,,30.0,39.5,49.0,47.66,,Normal,,
213009,Tropius - 52/111 (Prerelease),Tropius 52 111 Prerelease,https://tcgplayer-cdn.tcgplayer.com/product/213009_200w.jpg,3,1423,https://cpt.tcgcsv.com/cdK2,2024-04-23T18:13:49.143,1,52/111,Promo,Grass,80,Basic,,"[1] Fly (30)
<br>
Flip a coin. If tails, this attack does nothing. If heads, prevent all effects of an attack, including damage, done to Tropius during your opponent's next turn.","[GG] Blessed Fruit
<br>
Remove all damage counters from 1 of your Benched Grass Pokémon.",R+20,2,14.5,18.37,173.0,17.59,,Normal,F-20,[3G] Solarbeam (60)
213013,Pichu - 28/123 (Prerelease),Pichu 28 123 Prerelease,https://tcgplayer-cdn.tcgplayer.com/product/213013_200w.jpg,3,1423,https://cpt.tcgcsv.com/hdK2,2024-04-23T13:47:03.97,1,28/123,Promo,Lightning,30,Basic,"<strong>Poké-BODY — Sweet Sleeping Face</strong>
<br>As long as Pichu is Asleep, prevent all damage done to Pichu by attacks.","[0] Playground
<br>
Each player may search his or her deck for as many Basic Pokémon as he or she likes, put them onto his or her Bench, and shuffle his or deck afterward. (You put your Pokémon on the Bench first.) Pichu is now Asleep.",,,,166.63,312.5,499.99,103.87,,Holofoil,,
213014,Pichu - 28/123 (Prerelease) [Staff],Pichu 28 123 Prerelease Staff,https://tcgplayer-cdn.tcgplayer.com/product/213014_200w.jpg,3,1423,https://cpt.tcgcsv.com/jdK2,2024-04-23T13:47:13.52,1,28/123,Promo,Lightning,30,Basic,"<strong>Poké-BODY — Sweet Sleeping Face</strong>
<br>As long as Pichu is Asleep, prevent all damage done to Pichu by attacks.","[0] Playground
<br>
Each player may search his or her deck for as many Basic Pokémon as he or she likes, put them onto his or her Bench, and shuffle his or her deck afterward. (You put your Pokémon on the Bench first.) Pichu is now asleep.",,,,,,,,,,,
213015,Piloswine - 46/100 (Prerelease),Piloswine 46 100 Prerelease,https://tcgplayer-cdn.tcgplayer.com/product/213015_200w.jpg,3,1423,https://cpt.tcgcsv.com/kdK2,2024-04-23T15:40:39.55,1,46/100,Promo,Fighting,90,Stage 1,,"[2F] Rouse (20+)
<br>
Does 20 damage plus 10 more damage for each damage counter on Piloswine. Then, remove 4 damage counters from Piloswine.","[3F] Overrun (60)
<br>
Does 20 damage to 1 of your opponent's Benched Pokémon. <em>(Don't apply Weakness and Resistance for Benched Pokémon.)</em>",G+20,2,11.24,24.35,120.0,13.45,,Normal,L-20,
213016,Piloswine - 46/100 (Prerelease) [Staff],Piloswine 46 100 Prerelease Staff,https://tcgplayer-cdn.tcgplayer.com/product/213016_200w.jpg,3,1423,https://cpt.tcgcsv.com/ldK2,2024-04-23T15:40:48.65,1,46/100,Promo,Fighting,90,1,,"[2F] Rouse (20+)
<br>
Does 20 damage plus 10 more damage for each damage counter on Piloswine. Then, remove 4 damage counters from Piloswine.","[3F] Overrun (60)
<br>
Does 20 damage to 1 of your opponent's Benched Pokémon. <em>(Don't apply Weakness and Resistance for Benched Pokémon.)</em>",G+20,2,140.0,481.75,823.5,42.5,,Normal,L-20,
213021,Snorlax - 33/95 (Prerelease),Snorlax 33 95 Prerelease,https://tcgplayer-cdn.tcgplayer.com/product/213021_200w.jpg,3,1423,https://cpt.tcgcsv.com/rdK2,2022-09-09T18:30:51.36,1,33/95,Promo,Colorless,100,Basic,,"[3] Layabout
<br>Remove all damage counters from Snorlax. Snorlax can't use Layabout during your next turn.","[4] Clomp Clomp Clobber (80)
<br>Put 1 Energy card attached to Snorlax in the Lost Zone.",Fx2,4,414.99,457.5,500.0,201.22,,Holofoil,,
213022,Shinx - 98/130 (City Championships),Shinx 98 130 City Championships,https://tcgplayer-cdn.tcgplayer.com/product/213022_200w.jpg,3,1423,https://cpt.tcgcsv.com/sdK2,2024-04-23T18:17:05.287,1,98/130,Promo,Lightning,60,Basic,,"[L] Spark (10)
<br>
Does 10 damage to 1 of your opponent's Benched Pokémon. <em>(Don't apply Weakness and Resistance for Benched Pokémon.)</em>",,F +10,1,9.75,14.0,96.5,11.28,,Normal,M -20,
213023,Salamence - 19/97 (e-League),Salamence 19 97 e League,https://tcgplayer-cdn.tcgplayer.com/product/213023_200w.jpg,3,1423,https://cpt.tcgcsv.com/tdK2,2022-12-02T21:46:14.417,1,19/97,Promo,Colorless,100,2,"<strong>Poké-BODY — Intimidating Fang</strong>
<br>As long as Salamence is your Active Pokémon, any damage done to your Pokémon by an opponent's attack is reduced by 10 <em>(before applying Weakness and Resistance)</em>.","[1RW] Dragon Flame (40+)
<br>You may discard an Energy card attached to Salamence. If you do, this attack does 40 damage plus 20 more damage.",,,2,74.52,531.63,9999.0,116.66,1012.93,Holofoil,,
213024,Salamence - 19/97 (e-League) [Winner],Salamence 19 97 e League Winner,https://tcgplayer-cdn.tcgplayer.com/product/213024_200w.jpg,3,1423,https://cpt.tcgcsv.com/vdK2,2022-12-02T21:46:42.977,1,19/97,Promo,Colorless,100,2,"<strong>Poké-BODY — Intimidating Fang</strong>
<br>
As long as Salamence is your Active Pokémon, any damage done to your Pokémon by an opponent's attack is reduced by 10 <em>(before applying Weakness and Resistance)</em>.","[1RW] Dragon Flame (40+)
<br>
You may discard an energy card attached to Salamence. If you do, this attack does 40 damage plus 20 more damage.",,,2,199.99,300.0,1901.9,185.71,1799.23,Holofoil,,
213026,Shellos East Sea - 106/132 (Origins Game Fair 2008),Shellos East Sea 106 132 Origins Game Fair 2008,https://tcgplayer-cdn.tcgplayer.com/product/213026_200w.jpg,3,1423,https://cpt.tcgcsv.com/xdK2,2022-09-09T18:05:32.593,1,106/132,Promo,Water,60,Basic,,"[1] Shell Hunting
<br>Search your deck for up to 2 in any combination of Shellos West Sea and Shellos East Sea and put them onto your Bench. Shuffle your deck afterward.",[W] Sprinkle Water (10),L +10,2,17.75,24.76,199.9,21.97,,Normal,,
213027,Shellos East Sea - 106/132 (Origins Game Fair 2008) [Staff],Shellos East Sea 106 132 Origins Game Fair 2008 Staff,https://tcgplayer-cdn.tcgplayer.com/product/213027_200w.jpg,3,1423,https://cpt.tcgcsv.com/zdK2,2022-09-09T18:08:30.71,1,106/132,Promo,Water,60,Basic,,"[1] Shell Hunting
<br>Search your deck for up to 2 in any combination of Shellos West Sea and Shellos East Sea and put them onto your Bench. Shuffle your deck afterward.",[W] Sprinkle Water (10),L +10,2,110.0,128.0,139.99,128.5,,Normal,,
220757,Swalot - 50/101 (Prerelease),Swalot 50 101 Prerelease,https://tcgplayer-cdn.tcgplayer.com/product/220757_200w.jpg,3,1423,https://cpt.tcgcsv.com/9kN2,2024-04-23T18:13:34.737,1,50/101,Promo,Grass,80,Stage 1,,"[1] Amnesia (10)
<br>Choose 1 of the Defending Pokémon's attacks. That Pokémon can't use that attack during your opponent's next turn.","[2G] Swallow Up (50+)
<br>Before doing damage, count the remaining HP of the Defending Pokémon and Swalot.  If the Defending Pokémon has fewer remaining HP than Swalot's, this attack does 50 damage plus 30 more damage.",P,2,979.5,979.5,979.5,93.78,,Normal,,
220758,Luxio - 52/130 (Prerelease),Luxio 52 130 Prerelease,https://tcgplayer-cdn.tcgplayer.com/product/220758_200w.jpg,3,1423,https://cpt.tcgcsv.com/bkN2,2024-04-23T18:15:16.843,1,52/130,Promo,Lightning,80,Stage 1,,"[1] Fasten Claws (10+)
<br>Flip a coin. If heads, this attack does 10 damage plus 30 more damage.","[LL] Thunder Fang (30) 
<br>Flip a coin. If heads, the Defending Pokémon is now Paralyzed.",F+20,,28.0,29.99,329.4,32.79,,Normal,M-20,
220759,Grumpig - 29/106 (Prerelease),Grumpig 29 106 Prerelease,https://tcgplayer-cdn.tcgplayer.com/product/220759_200w.jpg,3,1423,https://cpt.tcgcsv.com/ckN2,2024-04-23T14:07:33.103,1,29/106,Promo,Psychic,80,Stage 1,,"[P] Psyshock (20)
<br>Flip a coin. If heads, the Defending Pokémon is now Paralyzed.","[3] Teleport Blast (40)
<br>After your attack, you may switch Grumpig with 1 of your Benched Pokémon.",P,2,37.75,42.38,47.0,35.24,,Normal,,
221178,Raichu - 27/99 (Prerelease),Raichu 27 99 Prerelease,https://tcgplayer-cdn.tcgplayer.com/product/221178_200w.jpg,3,1423,https://cpt.tcgcsv.com/BtN2,2022-12-02T21:45:18.327,1,27/99,Promo,Lightning,90,Stage 1,,"[L] Boosted Voltage (20)
<br>
If Raichu has a Pokémon Tool attached to it, this attack does 20 damage to each of your opponent's Benched Pokémon that isn't an Evolved Pokémon. <em>(Don't apply Weakness and Resistance for Benched Pokémon.)</em>","[2L] Thunder Blast
<br>
(70) Discard a Lightning Energy card attached to Raichu.",F+20,1,79.0,93.25,3395.94,71.33,125.0,Normal,M-20,
221179,Raichu - 27/99 (Prerelease) [Staff],Raichu 27 99 Prerelease Staff,https://tcgplayer-cdn.tcgplayer.com/product/221179_200w.jpg,3,1423,https://cpt.tcgcsv.com/CtN2,2022-09-09T18:23:33.827,1,27/99,Promo,Lightning,90,Stage 1,,"[L] Boosted Voltage (20)
<br>
If Raichu has a Pokémon Tool attached to it, this attack does 20 damage to each of your opponent's Benched Pokémon that isn't an Evolved Pokémon. <em>(Don't apply Weakness and Resistance for Benched Pokémon.)</em>","[2L] Thunder Blast (70)
<br>
Discard a Lightning Energy card attached to Raichu.",F+20,1,1200.0,1200.0,1200.0,,,Normal,M-20,
224547,Tropical Tidal Wave - 027 (2005 World Championships) [Top 32],Tropical Tidal Wave 027 2005 World Championships Top 32,https://tcgplayer-cdn.tcgplayer.com/product/224547_200w.jpg,3,1423,https://cpt.tcgcsv.com/ZQP2,2024-04-23T20:36:54.47,0,027,Promo,Item,,,"Flip a coin. If heads, discard all Trainer cards your opponent has in play. If tails, discard all Trainer cards (excluding Supporter cards) you have in play.",,,,,,,,,,,,
224548,Tropical Tidal Wave - 027 (2005 World Championships) [Finalist],Tropical Tidal Wave 027 2005 World Championships Finalist,https://tcgplayer-cdn.tcgplayer.com/product/224548_200w.jpg,3,1423,https://cpt.tcgcsv.com/-QP2,2024-04-23T20:34:22.23,0,027,Promo,Item,,,"Flip a coin. If heads, discard all Trainer cards your opponent has in play. If tails, discard all Trainer cards (excluding Supporter cards) you have in play.",,,,,,,,,,,,
224549,Tropical Tidal Wave - 027 (2005 World Championships) [Quarter-Finalist],Tropical Tidal Wave 027 2005 World Championships Quarter Finalist,https://tcgplayer-cdn.tcgplayer.com/product/224549_200w.jpg,3,1423,https://cpt.tcgcsv.com/_QP2,2024-04-23T20:34:49.98,0,027,Promo,Item,,,"Flip a coin. If heads, discard all Trainer cards your opponent has in play. If tails, discard all Trainer cards (excluding Supporter cards) you have in play.",,,,,,,,,,,,
224550,Tropical Tidal Wave - 027 (2005 World Championships) [Semi-Finalist],Tropical Tidal Wave 027 2005 World Championships Semi Finalist,https://tcgplayer-cdn.tcgplayer.com/product/224550_200w.jpg,3,1423,https://cpt.tcgcsv.com/0RP2,2024-04-23T20:35:05.237,0,027,Promo,Item,,,"Flip a coin. If heads, discard all Trainer cards your opponent has in play. If tails, discard all Trainer cards (excluding Supporter cards) you have in play.",,,,,,,,,,,,
224551,Tropical Tidal Wave - 027 (2005 World Championships) [Staff],Tropical Tidal Wave 027 2005 World Championships Staff,https://tcgplayer-cdn.tcgplayer.com/product/224551_200w.jpg,3,1423,https://cpt.tcgcsv.com/2RP2,2024-04-23T20:35:17.983,0,027,Promo,Item,,,"Flip a coin. If heads, discard all Trainer cards your opponent has in play. If tails, discard all Trainer cards (excluding Supporter cards) you have in play.",,,,,,,,,,,,
224552,Tropical Tidal Wave - 027 (2005 World Championships) [Top 16],Tropical Tidal Wave 027 2005 World Championships Top 16,https://tcgplayer-cdn.tcgplayer.com/product/224552_200w.jpg,3,1423,https://cpt.tcgcsv.com/3RP2,2024-04-23T20:35:48.98,0,027,Promo,Item,,,"Flip a coin. If heads, discard all Trainer cards your opponent has in play. If tails, discard all Trainer cards (excluding Supporter cards) you have in play.",,,,,,,,,,,,
224553,Tropical Tidal Wave - 036 (2006 World Championships) [Finalist],Tropical Tidal Wave 036 2006 World Championships Finalist,https://tcgplayer-cdn.tcgplayer.com/product/224553_200w.jpg,3,1423,https://cpt.tcgcsv.com/5RP2,2024-04-23T20:40:22.417,0,036,Promo,Item,,,"Flip a coin. If heads, discard all Trainer cards your opponent has in play. If tails, discard all Trainer cards (excluding Supporter cards) you have in play.",,,,,,,,,,,,
224554,Tropical Tidal Wave - 036 (2006 World Championships) [Quarter-Finalist],Tropical Tidal Wave 036 2006 World Championships Quarter Finalist,https://tcgplayer-cdn.tcgplayer.com/product/224554_200w.jpg,3,1423,https://cpt.tcgcsv.com/6RP2,2024-04-23T20:41:13.58,0,036,Promo,Item,,,"Flip a coin. If heads, discard all Trainer cards your opponent has in play. If tails, discard all Trainer cards (excluding Supporter cards) you have in play.",,,,,,,,,,,,
224555,Tropical Tidal Wave - 036 (2006 World Championships) [Semi-Finalist],Tropical Tidal Wave 036 2006 World Championships Semi Finalist,https://tcgplayer-cdn.tcgplayer.com/product/224555_200w.jpg,3,1423,https://cpt.tcgcsv.com/7RP2,2024-04-23T20:41:59.36,0,036,Promo,Item,,,"Flip a coin. If heads, discard all Trainer cards your opponent has in play. If tails, discard all Trainer cards (excluding Supporter cards) you have in play.",,,,,,,,,,,,
224556,Tropical Tidal Wave - 036 (2006 World Championships) [Staff],Tropical Tidal Wave 036 2006 World Championships Staff,https://tcgplayer-cdn.tcgplayer.com/product/224556_200w.jpg,3,1423,https://cpt.tcgcsv.com/8RP2,2024-04-23T20:42:29.81,0,036,Promo,Item,,,"Flip a coin. If heads, discard all Trainer cards your opponent has in play. If tails, discard all Trainer cards (excluding Supporter cards) you have in play.",,,,,,,,,,,,
224557,Tropical Tidal Wave - 036 (2006 World Championships) [Top 16],Tropical Tidal Wave 036 2006 World Championships Top 16,https://tcgplayer-cdn.tcgplayer.com/product/224557_200w.jpg,3,1423,https://cpt.tcgcsv.com/9RP2,2024-04-23T20:43:00.267,0,036,Promo,Item,,,"Flip a coin. If heads, discard all Trainer cards your opponent has in play. If tails, discard all Trainer cards (excluding Supporter cards) you have in play.",,,,,,,,,,,,
224558,Tropical Tidal Wave - 036 (2006 World Championships) [Top 32],Tropical Tidal Wave 036 2006 World Championships Top 32,https://tcgplayer-cdn.tcgplayer.com/product/224558_200w.jpg,3,1423,https://cpt.tcgcsv.com/bRP2,2024-04-23T20:43:21.7,0,036,Promo,Item,,,"Flip a coin. If heads, discard all Trainer cards your opponent has in play. If tails, discard all Trainer cards (excluding Supporter cards) you have in play.",,,,,,,,,,,,
228153,Chimecho - 024 (e-League) [Winner],Chimecho 024 e League Winner,https://tcgplayer-cdn.tcgplayer.com/product/228153_200w.jpg,3,1423,https://cpt.tcgcsv.com/5hR2,2024-04-23T20:33:23.4,1,024,Promo,Psychic,70,Basic,,"[1] Resonate
<br>Your opponent switches each Defending Pokémon with his or her Benched Pokémon. If your opponent has only 1 Benched Pokémon, you choose the Defending Pokémon to switch.","[2] Healing Sound
<br>Remove 3 damage counters from each of your Active Pokémon. Each Defending Pokémon is now Asleep.",P,1,33.75,45.39,279.5,29.3,,Normal,,
228158,Flygon - 025 (e-League) [Winner],Flygon 025 e League Winner,https://tcgplayer-cdn.tcgplayer.com/product/228158_200w.jpg,3,1423,https://cpt.tcgcsv.com/bhR2,2024-04-23T20:33:51.53,1,025,Promo,Colorless,120,Stage 2,,"[2] Sand Pit (20)
<br>The Defending Pokémon can't retreat until the end of your opponent's next turn.","[2GL] Dragonbreath (80)
<br>Flip a coin. If heads, the Defending Pokémon is now Paralyzed. If tails, this attack does nothing.",C,2,899.5,900.0,1000.0,103.21,,Normal,LF,
228481,Leafeon - 17/90 (Prerelease) [Staff],Leafeon 17 90 Prerelease Staff,https://tcgplayer-cdn.tcgplayer.com/product/228481_200w.jpg,3,1423,https://cpt.tcgcsv.com/FpR2,2022-12-02T21:32:32.047,1,17/90,Promo,Grass,90,Stage 1,,"[1] Miasma Wind (50x)
<br>
Does 50 damage times the number of Special Conditions affecting the Defending Pokémon.","[G] Soothing Scent (30)
<br>
The Defending Pokémon is now Asleep.",Rx2,1,,,,,,,W-20,
228494,Snorlax - 33/95 (Prerelease) [Staff],Snorlax 33 95 Prerelease Staff,https://tcgplayer-cdn.tcgplayer.com/product/228494_200w.jpg,3,1423,https://cpt.tcgcsv.com/VpR2,2022-09-09T18:31:22.9,1,33/95,Promo,Colorless,100,Basic,,"[3] Layabout
<br>Remove all damage counters from Snorlax. Snorlax can't use Layabout during your next turn.","[4] Clomp Clomp Clobber (80)
<br>Put 1 Energy card attached to Snorlax in the Lost Zone.",Fx2,4,2350.0,2350.0,2350.0,850.0,,Holofoil,,
228597,Tropius - 52/111 (Prerelease) [Staff],Tropius 52 111 Prerelease Staff,https://tcgplayer-cdn.tcgplayer.com/product/228597_200w.jpg,3,1423,https://cpt.tcgcsv.com/ZrR2,2024-04-23T18:15:03.397,1,52/111,Promo,Grass,80,Basic,,"[1] Fly (30)
<br>
Flip a coin. If tails, this attack does nothing. If heads, prevent all effects of an attack, including damage, done to Tropius during your opponent's next turn.","[GG] Blessed Fruit
<br>
Remove all damage counters from 1 of your Benched Grass Pokémon.",R+20,2,400.0,400.0,400.0,47.98,,Normal,F-20,[3G] Solarbeam (60)
232876,Bayleef - 35/115 (Prerelease),Bayleef 35 115 Prerelease,https://tcgplayer-cdn.tcgplayer.com/product/232876_200w.jpg,3,1423,https://cpt.tcgcsv.com/x9T2,2024-04-23T14:21:22.947,0,35/115,Promo,Grass,70,Stage 1,,"[1] Soothing Scent (10)
<br>The Defending Pokémon is now Asleep.",[1GG] Razor Leaf (50),R,1,33.75,75.0,329.4,35.49,,Normal,W,
232882,Metang (Delta Species) - 49/113 (Prerelease),Metang Delta Species 49 113 Prerelease,https://tcgplayer-cdn.tcgplayer.com/product/232882_200w.jpg,3,1423,https://cpt.tcgcsv.com/G9T2,2024-04-23T18:13:06.653,0,49/113,Promo,Lightning,80,Stage 1,,"[2] Sharp Claws (20+)
<br>Flip a coin. If heads, this attack does 20 damage plus 10 more damage.",[2L] Magnetic Blast (50),R,2,75.0,147.5,220.0,47.46,,Normal,G,
233307,Shinx - 98/130 (City Championships) [Staff],Shinx 98 130 City Championships Staff,https://tcgplayer-cdn.tcgplayer.com/product/233307_200w.jpg,3,1423,https://cpt.tcgcsv.com/9lT2,2024-04-23T18:17:15.527,0,98/130,Promo,Lightning,60,Basic,,"[L] Spark (10)
<br>
Does 10 damage to 1 of your opponent's Benched Pokémon. <em>(Don't apply Weakness and Resistance for Benched Pokémon.)</em>",,F +10,1,195.0,195.0,195.0,100.0,,Normal,M -20,
236461,Ditto - 61/113 (Origins International Game Expo 2007),Ditto 61 113 Origins International Game Expo 2007,https://tcgplayer-cdn.tcgplayer.com/product/236461_200w.jpg,3,1423,https://cpt.tcgcsv.com/fCV2,2024-04-22T20:33:52.82,1,61/113,Promo,Fire,60,Basic,"<strong>Poké-POWER — Duplicate</strong>
<br>
Once during your turn <em>(before your attack)</em>, you may search your deck for another Ditto and switch it with Ditto. (Any cards attached to Ditto, damage counters, Special Conditions, and effects on it are now on the new Pokémon.) If you do, put Ditto on top of your deck. Shuffle your deck afterward. You can't usemore than 1 Duplicate Poké-Power each turn.","[1R] Fireworks (30) 
<br>Flip a coin. If tails, discard a Fire Energy card attached to Ditto.",,W,1,549.99,999.99,1198.99,350.0,,Normal,,
239090,Gyarados - 32/97 (Prerelease),Gyarados 32 97 Prerelease,https://tcgplayer-cdn.tcgplayer.com/product/239090_200w.jpg,3,1423,https://cpt.tcgcsv.com/QFW2,2022-12-02T21:29:48.24,1,32/97,Promo,Water,100,Stage 1,,"[W] Dragon Crush
<br>Flip a coin. If heads, this attack does 10 damage to each Defending Pokémon. Discard an Energy card from each Defending Pokémon.","[4W] Aqua Sonic (80)
<br>This attack's damage is not affected by Resistance.",L,3,378.0,689.0,999.99,262.5,,Normal,,
242915,Luxio - 52/130 (Prerelease) [Staff],Luxio 52 130 Prerelease Staff,https://tcgplayer-cdn.tcgplayer.com/product/242915_200w.jpg,3,1423,https://cpt.tcgcsv.com/kbZ2,2024-04-23T18:15:28.8,1,52/130,Promo,Lightning,80,Stage 1,,"[1] Fasten Claws (10+)
<br>Flip a coin. If heads, this attack does 10 damage plus 30 more damage.","[LL] Thunder Fang (30)
<br>Flip a coin. If heads, the Defending Pokémon is now Paralyzed.",F+20,0,143.0,145.88,424.0,,,Normal,M-20,
245913,Dark Houndoom - 37/109 (Prerelease),Dark Houndoom 37 109 Prerelease,https://tcgplayer-cdn.tcgplayer.com/product/245913_200w.jpg,3,1423,https://cpt.tcgcsv.com/hn-2,2024-04-23T14:22:06.233,1,37/109,Promo,Darkness Fire,70,Stage 1,"<strong>Poké-POWER — Fire Breath</strong>
<br>Once during your turn <em>(before your attack)</em>, if Dark Houndoom is your Active Pokemon, you may flip a coin.  If heads, the Defending Pokemon <em>(choose 1 if there are 2)</em> is now Burned. This power can't be used if Dark Houndoom is affected by a Special Condition.","[2R] Fire Payback (40+)
<br>If you have less Benched Pokémon than your opponent, this attack does 40 damage plus 20 more damage.",,W,1,358.73,475.0,499.99,287.82,358.73,Holofoil,,
253400,Bagon - 50/97 (Black Star),Bagon 50 97 Black Star,https://tcgplayer-cdn.tcgplayer.com/product/253400_200w.jpg,3,1423,https://cpt.tcgcsv.com/0n23,2022-09-09T18:41:11.257,1,50/97,Promo,Colorless,50,Basic,,"[1] Risky Kick (10)
<br>Flip a coin. If tails, this attack does nothing.","[RW] Dragon Eye (20)
<br>The Defending Pokémon is now Asleep.",,1,13.0,18.63,150.4,18.83,,Normal,,
277680,Dragonair (Delta Species) - 28/101 (Prerelease),Dragonair Delta Species 28 101 Prerelease,https://tcgplayer-cdn.tcgplayer.com/product/277680_200w.jpg,3,1423,https://cpt.tcgcsv.com/D5f3,2024-04-23T13:45:27.59,1,28/101,Promo,Grass,70,Stage 1,,"[1] Wrap
<br>Flip a coin. If heads the Defending Pokémon is now Paralyzed.",[2G] Horn Attack (40),,2,152.07,173.94,224.99,146.32,,Normal,,
281958,Bagon - 50/97 (Scrye Magazine),Bagon 50 97 Scrye Magazine,https://tcgplayer-cdn.tcgplayer.com/product/281958_200w.jpg,3,1423,https://cpt.tcgcsv.com/bPg3,2022-09-09T18:44:40.077,1,50/97,Promo,Colorless,50,Basic,,"[1] Risky Kick (10)
<br>Flip a coin. If tails, this attack does nothing.","[RW] Dragon Eye (20)
<br>The Defending Pokémon is now Asleep.",,1,59.98,99.99,999.9,59.55,,Normal,,
281960,Bagon - 50/97 (InQuest Gamer),Bagon 50 97 InQuest Gamer,https://tcgplayer-cdn.tcgplayer.com/product/281960_200w.jpg,3,1423,https://cpt.tcgcsv.com/dPg3,2022-09-09T18:43:10.417,1,50/97,Promo,Colorless,50,Basic,,"[1] Risky Kick (10)
<br>Flip a coin. If tails, this attack does nothing.","[RW] Dragon Eye (20)
<br>The Defending Pokémon is now Asleep.",,1,26.99,32.49,299.99,28.33,,Normal,,
281964,Bagon - 50/97 (Gen Con 2004 Promo),Bagon 50 97 Gen Con 2004 Promo,https://tcgplayer-cdn.tcgplayer.com/product/281964_200w.jpg,3,1423,https://cpt.tcgcsv.com/jPg3,2023-08-11T13:49:05.947,1,50/97,Promo,Colorless,50,Basic,,"[1] Risky Kick (10)
<br>Flip a coin. If tails, this attack does nothing.","[RW] Dragon Eye (20)
<br>The Defending Pokémon is now Asleep.",,1,,,,,,,,
286614,Exeggutor (Delta Species) - 41/110 (Prerelease),Exeggutor Delta Species 41 110 Prerelease,https://tcgplayer-cdn.tcgplayer.com/product/286614_200w.jpg,3,1423,https://cpt.tcgcsv.com/jGj3,2024-06-20T17:01:30.657,1,41/110,Promo,Fighting,80,Stage 1,,"[2] Delta Circle (10+)
<br>
Does 10 damage plus 10 more damage for each Pokémon you have in play that has Delta on its card.","[2F] Split Bomb
<br>
Choose 2 of your opponent's Pokémon. This attack does 30 damage to each of them. <em>(Don't apply Weakness and Resistance for Benched Pokémon.)</em>",P,1,75.0,100.0,125.0,38.85,,Normal,,
